developer,total_games,avg_positive_review_percentage,total_reviews
あうとさいど,3,99.76,338
Denny Truong,3,99.12,1513
Gemcraft Games,4,98.89,486
Devcats,7,98.73,13574
Flipline Studios,3,98.64,14671
scriptwelder,3,98.56,3429
柚原堂,3,98.48,482
EverCats,3,98.35,1536
GoBit Games,3,98.35,1128
HIROKO IMAKI,3,98.27,2824
Zeekerss,3,98.26,491589
Seal,4,98.22,1661
DU&I,5,98.15,16593
Viridino Studios,3,97.97,1044
Tambouille,3,97.9,1132
Rabbiton,3,97.88,2522
Solluco,3,97.83,191
insertdisc5,3,97.72,6923
MyGrandfather Games,3,97.64,546
Doot,3,97.61,6714
Matt Roszak,5,97.48,11769
Cabbage Soft,3,97.4,1224
Travellin Cats,7,97.33,5300
New Dawn Game Studio,3,97.12,170
LCB Game Studio,3,97.11,394
Skunkape Games,3,97.09,2419
Zima software,4,97.05,1151
Remix Games,3,97.0,250
Kyle Thompson,3,96.97,4042
etherane,4,96.96,5740
VISUAL ARTS/Key,5,96.88,821
Stuffed Wombat,5,96.74,2408
minori,6,96.73,5346
Beautiful Glitch,4,96.71,24527
Adventure Islands,5,96.7,475
Qruppo,3,96.64,5901
KAIJYU-09,3,96.64,2767
sodaraptor,3,96.63,1388
#workshop,3,96.61,9488
YUZUSOFT,5,96.58,54120
Emberheart Games,5,96.58,1084
Team9,3,96.57,10577
Follow the fun,9,96.55,5419
CAVE Interactive CO.,3,96.42,2929
Rusty Lake,9,96.41,76735
StellarXiela,3,96.41,415
王韋,3,96.38,757
Pugstorm,3,96.35,55215
Very Very LITTLE Studio,11,96.27,2841
PixelFade,5,96.24,3824
SnoutUp,4,96.08,18877
Corey Martin,3,96.07,625
Afterburn,3,95.99,4372
Pinel Games,5,95.94,889
SlimeSmile,5,95.92,2170
Madison Karrh,3,95.86,4415
Joe Richardson,4,95.83,3165
Walaber Entertainment LLC,4,95.83,2488
Siactro,5,95.8,5195
NEKO WORKs,7,95.74,82889
Two and a Half Studios,4,95.73,11093
07th Expansion,14,95.68,15876
Silver Dollar Games,3,95.64,20875
Suspicious Developments,5,95.58,33997
Grace Bruxner,3,95.55,8852
Applique,3,95.51,4417
Lose,5,95.45,9741
Talia bob Mair,4,95.45,7936
PiHoEntertainment,3,95.45,1670
Daniel Mullins Games,3,95.4,154029
NOVECT,3,95.4,6861
くそいサイト,4,95.33,588
BIFROST CLOUD PTE. LTD.,3,95.28,447
Odencat,4,95.26,2078
The Gentlebros,3,95.18,18833
InterAction studios,5,95.18,6006
Captain Games,3,95.13,2013
torcado,3,95.09,3203
VisualArts/Key,10,95.07,23248
Nukearts Studio,10,95.07,2555
Happy Broccoli Games,3,95.06,6903
ZaratustraGameDev,3,95.0,300
上海アリス幻樂団,17,94.98,14333
DDreams Games,3,94.85,467
Dennaton Games,3,94.82,173642
madosoft,3,94.82,2359
Dumativa,3,94.81,13418
Tomás Esconjaureguy,3,94.81,809
Innocent Grey,8,94.8,6266
sprite,5,94.78,9712
Hamster On Coke Games,4,94.77,4995
Mark Ffrench,3,94.77,888
PALETTE,6,94.75,6055
Doubles Core,3,94.75,700
Team Reptile,4,94.72,26976
No Strike,4,94.7,2719
Fred Wood,3,94.7,1490
SimTex,3,94.68,2659
Wishes Ultd.,4,94.65,8801
NoBreadStudio,3,94.65,327
Supergiant Games,5,94.61,420895
Nitro+CHiRAL,3,94.51,4510
Studio Élan,5,94.51,4172
Teamey,19,94.49,2340
Jeremy Couillard,4,94.36,427
Suits & Sandals,3,94.34,1711
Smee,5,94.34,1397
谭浩翔,3,94.34,369
npckc,5,94.32,4269
Kodansha,6,94.29,415
Wadjet Eye Games,9,94.28,8229
Terry Cavanagh,3,94.23,45887
Clifftop Games,4,94.2,6847
ASa Project,3,94.19,649
Whirlpool,10,94.14,2589
SFB Games,4,94.13,14914
LeJunesArt,3,94.13,387
Tomorrow Corporation,3,94.12,19244
Adriaan de Jongh,3,94.08,9521
Simogo,3,94.04,12615
Sierra Lee,4,94.04,752
Puppet Combo,3,93.98,4564
Free Lives,7,93.96,106247
Fireproof Games,6,93.96,81062
Thedox Games,3,93.92,323
FC Maker,4,93.91,1808
ISY,3,93.89,1088
Favorite,3,93.88,467
A. Hagen,3,93.87,325
Vikintor,3,93.85,656
Team Ladybug,4,93.84,22641
Randumb Studios,23,93.82,32518
Rad Codex,4,93.8,1820
Noumenon Games,3,93.73,1650
Red Barrels,3,93.72,248134
ALICE IN DISSONANCE,4,93.7,6782
stage-nana,4,93.67,6038
Ian MacLarty,4,93.63,1942
Mossmouth,3,93.62,43027
Onyx Lute,3,93.61,10542
Take Toad,3,93.58,559
Chris Antoni,3,93.58,259
HeyNau,3,93.54,1245
Freebird Games,6,93.53,124894
GIGA,3,93.52,1720
Brenntkopf Development,4,93.5,353
Hazelight Studios,3,93.49,382403
Wide Right Interactive,3,93.49,716
Vergiu,7,93.47,646
DVloper,3,93.46,7897
727 Not Hound,4,93.44,278
Lump of Sugar,7,93.43,3801
Sting,3,93.42,537
dramatic create,3,93.42,286
Maciej Targoni,7,93.41,16669
Ska Studios,3,93.36,24604
Blyts,4,93.36,1827
白露社,6,93.35,8636
Pico Games,3,93.35,473
Andrew Morrish,3,93.32,2292
Kazuhide Oka,3,93.32,624
Feperd Games,4,93.29,4094
The Behemoth,6,93.28,207746
Finite Reflection Studios,3,93.26,402
Yacht Club Games,5,93.23,17748
YellowDuckWorks,3,93.21,2869
Lingtan Studio,7,93.21,2833
Hopoo Games,4,93.19,376451
Jollypunch Games,3,93.18,808
SimonCreative,3,93.18,610
Fiction Factory Games,3,93.16,867
Berzerk Studio,4,93.08,25997
GirlGames,11,93.08,18742
COWCAT,3,93.06,1793
Strategic Simulations,3,93.01,268
Shiny Shoe,3,93.0,29225
PopCap Games,22,92.98,184299
Casey Donnellan Games LLC,5,92.98,10129
Goblinz Enterprises Ltd,3,92.98,2064
9 Eyes Game Studio,4,92.97,465
Dry Cactus,4,92.93,27854
Harvester Games,4,92.9,9618
AsicxArt,5,92.89,19451
CreSpirit,3,92.87,17097
PLAY Mephistowaltz,3,92.86,284
Notovia,7,92.85,5145
CyberConnect2,6,92.8,24558
Scott Cawthon,8,92.71,201553
Team SNEED,4,92.69,4792
Giants Software,5,92.67,180749
Mojiken,9,92.67,16404
PlatinumGames,3,92.65,119437
Secret Exit Ltd.,3,92.62,6620
feng,3,92.62,293
2.21,4,92.58,2064
Flat Cat Games,3,92.58,1236
Looking Glass Studios,4,92.56,8086
Bugbear Entertainment,3,92.55,30794
ustwo games,5,92.53,24752
WanadevStudio,3,92.52,9365
Navel,5,92.5,5557
凝冰剑斩,8,92.5,1991
Majorariatto,5,92.49,7472
EXOR Studios,3,92.48,25928
BeXide Inc.,5,92.47,2235
maou,3,92.47,197
AKATSUKI-WORKS,3,92.46,1554
Jon Nielsen,3,92.45,945
Nifty Visuals,3,92.4,1054
Nitroplus,3,92.37,13178
Bullfrog Productions,3,92.37,1814
Asmodev,4,92.35,1772
Blobfish,4,92.34,98589
2ndBoss,4,92.34,400
Lil Hentai Games,8,92.32,14116
Cosmic Void,4,92.3,443
KO_OP,3,92.29,2895
Pinhead Games,3,92.29,293
@unepic_fran,5,92.27,13846
Narrator,6,92.27,934
Phaser Lock Interactive,3,92.2,927
FYQD-Studio,3,92.18,71506
Doborog Games,3,92.14,36884
PiBoSo,3,92.13,29345
Studio Pixel,3,92.1,3164
AZARASHI SOFTWARE,3,92.09,584
ENIGMA STUDIO,3,92.05,812
MOONSTONE,5,92.0,2310
Frontwing,31,91.99,30954
Adamvision Studios,15,91.98,13224
Shimobashira Workshop,3,91.93,6093
Mimimi Games,5,91.92,61946
△○□× (Miwashiba),3,91.92,6412
Cosmo D,3,91.92,3501
4H StudioLab,3,91.91,1133
Marc Zimmermann,3,91.91,785
Pillow Fight,4,91.9,1987
MagicalTimeBean,3,91.88,1183
Drinkbox Studios,5,91.87,22903
Liar-soft,5,91.87,2616
FHNBHJ,4,91.87,771
Five Percents,5,91.86,388
Amanita Design,8,91.85,47892
Nova-box,4,91.84,699
Watercress,3,91.84,527
二色幽紫蝶,4,91.83,31410
Croteam,13,91.82,123958
Blue Wizard Digital,5,91.79,7673
Google Inc.,8,91.79,1219
AQUAPLUS,5,91.77,5284
Impressions Games,6,91.74,8321
Cloak and Dagger Games,6,91.7,5496
Onion Games,4,91.67,512
Thomas K. Young,4,91.64,500
FreezyCat,4,91.6,1629
Gagonfe,8,91.59,1922
Inverse Game,3,91.58,7226
Lateralis Heavy Industries,3,91.58,3561
Erik Asmussen,3,91.55,9270
Artless Games,3,91.54,1606
NovaSoft Interactive Ltd.,4,91.51,1020
TaleWorlds Entertainment,4,91.5,450802
Cellar Door Games,3,91.42,35765
Kittehface Software,3,91.42,699
Massive Monster,3,91.41,105251
Bitwave Games,6,91.36,550
Bean Boy Games,3,91.36,293
Jump Over The Age,3,91.33,11688
Studio Goya,9,91.32,1449
Ithaqua Labs,4,91.3,693
MythicOwl,4,91.28,1901
Two Point Studios,3,91.26,45783
Kyle Seeley,3,91.26,43987
Zachtronics,15,91.23,30713
KOGADO STUDIO,8,91.23,2754
冷笑黑妖,9,91.18,4377
Simon Eftestol,5,91.18,1046
HFRK.,3,91.18,588
Image & Form Games,5,91.17,26614
HeartCoreDev,3,91.17,1097
pixel games SARL-S,4,91.17,598
Andymente,3,91.13,613
White Blanket Games,8,91.11,5282
Crankage Games,4,91.11,603
Moon Studios GmbH,4,91.1,311614
Dojin Otome,3,91.1,31924
Colorgrave,3,91.06,844
Yunus Ayyildiz,5,91.04,2520
Truant Pixel,3,91.04,420
Clarity Games,3,91.03,784
Bone Nail,3,91.0,13676
Fantasia Studio,3,90.94,599
The Game Kitchen,5,90.93,69143
DakeCraft,3,90.93,468
Blue Brain Games,4,90.92,9663
Spytihněv,4,90.92,5956
Moonbit,6,90.92,2582
ARVORE,3,90.9,435
Terrible Toybox,3,90.89,13065
Frictional Games,6,90.88,103788
Zetsubou,7,90.83,1060
Hanako Games,8,90.81,9215
Mango Protocol,4,90.8,1780
peakvox,3,90.76,1098
Mana Games,4,90.74,2216
Psyop,3,90.73,18873
Fallen Tree Games Ltd,8,90.72,9386
Roope Tamminen,3,90.71,3132
K-D Lab,3,90.71,1638
Hijong Park,4,90.71,479
InnerspaceVR,5,90.7,2217
4A Games,3,90.65,302378
Runic Games,3,90.65,56540
Shiv,3,90.64,980
NEKOTOKAGE GAMES,3,90.64,508
Desert Fox,4,90.63,3510
Landfall,7,90.61,292297
What Pumpkin Games,4,90.57,7812
Perfectly Paranormal,3,90.57,3954
Cuddle Code,3,90.56,753
Noio,3,90.55,36043
Magenta Factory,5,90.53,3839
Sigyaad Team,12,90.51,6663
Sam Atlas,3,90.51,205
Spicy Tails,4,90.49,1562
Vector Unit,3,90.48,1570
foolsroom,4,90.47,1602
Argent Games,4,90.47,1055
18Light Game Ltd.,3,90.45,2224
Hollowings,5,90.44,3176
Old Skull Games,4,90.44,501
Just Sauce Studio,3,90.44,384
kido,3,90.43,560
FRENCH-BREAD,5,90.42,21067
Explosive Squat Games,3,90.41,8346
Thylacine Studios,5,90.4,3769
Dr. Cyril Splutterworth,3,90.4,239
BrainGoodGames,3,90.38,585
Galactic Geckon,8,90.37,819
KaleidoGames,3,90.36,245
Flamebait Games,3,90.35,8652
Breakfall,3,90.33,994
Knuckle Cracker,6,90.3,12280
Grey Alien Games,7,90.29,2821
Die Gute Fabrik,3,90.29,1398
Potata Company,4,90.28,559
SEEP,8,90.26,752
Alastair John Jack,3,90.24,2759
Ryu Ga Gotoku Studio,16,90.23,237147
Turbo Button,3,90.23,254
Sad Panda Studios,3,90.22,35915
NanningsGames,3,90.21,2838
GZ Storm,8,90.21,1042
Yangyang Mobile,4,90.2,3901
Dynamic Games,3,90.2,718
Primula,5,90.19,2663
Nihon Falcom,41,90.18,67351
Kujirabo。,3,90.15,939
Mi'pu'mi Games GmbH,3,90.14,2434
Loren Lemcke,3,90.1,3492
Stormregion,3,90.06,881
Mana Potion Studios,3,90.04,7925
WildTangent,4,90.04,5584
Frinky,3,90.03,4349
MDickie,9,90.0,4700
Google,5,89.98,5722
Gustav,5,89.98,2116
Last Day of Work,6,89.96,752
Klei Entertainment,12,89.95,786399
GB Patch Games,4,89.95,13621
increpare games,3,89.95,2234
Green Lava Studios,5,89.92,3953
Team GZ,3,89.91,482
Maestro Cinetik,4,89.9,975
Deep Green Games,3,89.9,263
DreadXP,4,89.89,1746
Qute,4,89.87,713
doinksoft,3,89.8,6607
selenophobia,3,89.8,365
Frogsong Studios,3,89.79,1692
Quiet River,25,89.74,71578
Jesse Makkonen,6,89.73,18432
Butterscotch Shenanigans,3,89.73,8851
Asteroid Game Studio,3,89.72,5193
致意,8,89.72,4092
Akiragoya,3,89.72,1580
Kodo Linija,3,89.7,1705
Nikolai Usachev,4,89.7,904
Deer Dream Studios,3,89.67,1676
Black Pants Studio,3,89.66,5207
Coffee Stain Studios,6,89.63,320363
Northway Games,4,89.62,6232
Supra Games,3,89.61,19890
Adam Travers,3,89.6,938
Manic Hyena,5,89.59,2266
Qumaron,10,89.59,862
Alec Smith,3,89.58,1215
Facepunch Studios,4,89.57,2389733
YETU GAME,4,89.56,9795
Uri Games,4,89.56,1858
Colestia,3,89.53,934
Salmi Games,4,89.53,538
Minicactus Games,7,89.49,826
Authogin,4,89.49,611
Ben 'Yahtzee' Croshaw,3,89.47,1215
Circus,3,89.45,338
Studio Amateur,3,89.43,4422
Black Eyed Priest,3,89.42,2547
MoeNovel,8,89.41,8461
Ogre Pixel,3,89.41,678
Peach Rain,3,89.4,305
Angry Demon Studio,3,89.39,4329
TOKYOTOON,4,89.37,7693
MaxEstLa,3,89.36,4698
Steppe Hare Studio,8,89.35,6226
SkyGoblin,4,89.34,2392
Game Science,3,89.33,1161869
The Men Who Wear Many Hats,3,89.33,5586
Brinemedia,4,89.32,433
Tango Gameworks,4,89.3,111212
D-Pad Studio,3,89.29,9063
Oleg Skutte,3,89.28,18317
KDream,3,89.28,1203
Outer Brain Studios,3,89.27,1034
Calappa Games,4,89.25,1955
PUNKCAKE Delicieux,3,89.24,6542
The Wild Gentlemen,3,89.23,2830
David Szymanski,11,89.22,43980
Akhir Pekan Studio,4,89.21,1473
Spicy Gyro Games,3,89.21,301
Flow Fire Games,3,89.2,17435
2by3 Games,3,89.19,1110
Nementic Games,3,89.18,291
Io-Interactive A/S,4,89.17,77023
OVERDRIVE,3,89.17,3372
琉璃花糖制作组,5,89.17,1536
Kuro Irodoru Yomiji,3,89.17,488
Messhof,3,89.16,9243
Cozy Bee Games,5,89.15,6009
Robot Gentleman,3,89.14,32135
Funselektor Labs Inc.,3,89.13,8950
MinMax Games Ltd.,5,89.12,9940
Traveller's Tales,14,89.11,140034
Terri Vellmann,4,89.09,9044
Paul Bird,3,89.05,3118
Elf Games,3,89.04,2572
Accidental Queens,3,89.03,3873
Suricate Software,6,89.02,565
Bombservice,3,89.0,16495
Moonana,3,89.0,1268
Michaela Laws,4,88.98,2806
AZAMATIKA,6,88.97,5222
Two Star Games,5,88.9,21376
Zeboyd Digital Entertainment LLC,5,88.88,6299
Cartboard Games,3,88.88,1233
Headware Games,3,88.85,2076
Voxel Bytes,3,88.85,438
Love Conquers All Games,4,88.81,3499
NEXT Studios,6,88.8,54612
Temple Gates Games,4,88.8,2634
EXPERIENCE,4,88.78,1038
Unknown Worlds Entertainment,6,88.77,435631
Double W,5,88.77,20224
Daniele Doesn't Matter,5,88.76,375
Hollow Ponds,5,88.74,1792
Illwinter Game Design,8,88.73,7379
PixelGreeds,5,88.72,1262
iMel,5,88.7,959
Purple Software,4,88.7,495
FromSoftware,7,88.69,2096434
SITER SKAIN,3,88.67,574
Fading Club,3,88.66,4041
Krome Studios,6,88.65,6340
TimeGate Studios,3,88.64,511
あみそ組,4,88.63,1411
Nightdive Studios,13,88.62,29069
Crew Lab,15,88.61,6121
Konstructors,11,88.6,9947
Naoka Games,5,88.58,357
Vaka Game Magazine,10,88.54,7479
Sleepy Duck,3,88.49,2953
Dingo Games,4,88.45,1851
MyDearest Inc.,3,88.45,804
Llamasoft Ltd.,5,88.45,633
VR Designs,6,88.44,2161
Crows Crows Crows,4,88.41,43804
Insomniac Games,6,88.39,202503
Spiderweb Software,17,88.37,4697
Klace,3,88.36,1403
Clymenia,3,88.35,2770
Jundroo,4,88.32,14140
TreeFortress Games,3,88.32,2458
Monster Games,4,88.32,746
caiys,8,88.28,6643
Love in Space,6,88.28,5416
Nicalis,5,88.23,352932
Redbeak Games,3,88.23,967
Valve,35,88.21,15688937
DYA Games,5,88.15,3596
Rolling Crown,5,88.14,1309
SIGONO INC.,4,88.12,12175
Heartbit Interactive,5,88.12,3192
Graverobber Foundation,4,88.12,522
Sprite Hills,4,88.11,704
Cranberry Production,3,88.1,1272
MuccyGames,3,88.07,565
FreakZone Games,6,88.06,5083
SpoocleMacBoogle,3,88.06,399
Mens Sana Interactive,19,88.04,2500
Planet Moon Studios,3,88.02,637
InvertMouse,10,88.01,3753
Hyperstrange,6,88.0,16802
Zanardi and Liza,3,87.98,1102
FM Studio,5,87.98,762
Fractal Projects,4,87.96,2601
Rising Moon Games,7,87.95,923
CyberConnect2 Co. Ltd.,6,87.94,179436
aNCHOR Inc.,12,87.92,6669
Score Studios LLC,3,87.92,359
World's Edge,5,87.9,322322
Kenny Sun,5,87.89,976
Mad Mimic,4,87.88,1999
Critical Games,3,87.86,540
Fatbot Games,3,87.85,1362
Fury Software,5,87.83,1657
Rusty Moyher,5,87.82,713
David Pateti,4,87.8,425
Soulwarmers Games,3,87.8,216
Bedtime Digital Games,5,87.79,10384
Tegridy Made Games,3,87.79,444
Two Tribes,5,87.76,7607
Repa Games,3,87.76,798
Renka,5,87.74,1502
Triband,3,87.73,5013
Hothead Games,6,87.73,2759
Strange Scaffold,10,87.72,8291
零创游戏(ZerocreationGame),4,87.7,60017
Eggcode,3,87.7,11866
埋月山枯,4,87.67,757
Cold Beam Games,4,87.62,10923
Monster Couch,3,87.6,10933
Melos Han-Tani,5,87.6,2999
Gamechuck,4,87.6,793
Hosted Games,32,87.56,4750
Elden Pixels,3,87.56,1464
Abyte Entertainment,3,87.55,5325
Samurai Punk,6,87.55,3838
Flippfly LLC,3,87.54,7525
Maxis,4,87.53,171447
Telltale,13,87.5,66773
Stray Fawn Studio,5,87.5,15931
Walter Machado,15,87.5,5956
Charm Games,3,87.5,1217
Agelvik,4,87.5,473
Blue Tea Games,3,87.5,217
Dire Wolf,13,87.49,19961
Blazing Planet Studio,7,87.49,3324
MorfeoDev,3,87.49,945
Allegorithmic,3,87.47,514
熊窝dodox,6,87.46,8312
N4bA,4,87.44,5496
Running With Scissors,4,87.42,145665
Compulsion Games,3,87.42,21338
Matthew Brown,10,87.41,16186
Rogueside,8,87.41,15495
Pilgrim Adventures,14,87.39,7366
Hello There Games,5,87.39,6124
neko.works,3,87.39,541
Nitreal,3,87.37,195
FIVE-BN GAMES,25,87.36,15375
Scumhead,8,87.35,3380
Playful Corp.,4,87.34,32360
Alawar,11,87.32,22550
ZERO5GAMES,7,87.32,969
Con Artist Games,3,87.31,8823
TALESSHOP Co.,11,87.3,8554
Ty Taylor,3,87.3,6511
Total Mayhem Games,5,87.29,94392
Pixelatto,5,87.28,19265
TIKIPOD,4,87.28,682
Brimstone,4,87.28,421
Sports Interactive,12,87.26,136000
橘子班,8,87.26,11733
ebi-hime,19,87.26,5380
Fishing Cactus,5,87.22,7675
Ritual Entertainment,3,87.16,2235
Orange_Juice,9,87.14,32021
Leslaw Sliwko,6,87.14,1421
LuuuLuuuL,10,87.14,871
Aluba Van+,3,87.12,19478
Baba Yaga Games,3,87.1,1644
Stately Snail,7,87.06,2749
ATLUS,14,87.05,310912
Squiddershins,3,87.04,856
Naku Kinoko,4,87.03,648
Deconstructeam,5,87.02,21031
Professional Villains,3,86.99,455
Clever Plays,3,86.96,10531
Beamdog,7,86.95,48605
Capybara Games,4,86.95,2861
Bithell Games,6,86.94,13295
Erotes Studio,4,86.94,1040
Jetdogs Studios,19,86.93,15913
Wormwood Studios,3,86.93,4355
Blue Giraffe,5,86.93,1678
Cloudhead Games Ltd.,5,86.92,7489
Musa GUNGOR,3,86.92,174
Pyrozen,3,86.88,178
Toys for Bob,3,86.86,23871
Ninja Kiwi,8,86.85,419834
eTIRUe,7,86.85,3582
Studio Bean,5,86.84,1554
AIHASTO,5,86.82,112255
Kairosoft Co.,48,86.81,9780
Grundislav Games,3,86.81,1341
Cococucumber,3,86.81,778
NatsumeAtari,6,86.8,3842
MonsterAttack,3,86.8,1095
Naughty Dog LLC,3,86.79,134318
Sluggerfly,3,86.78,8050
Terrible Posture Games,4,86.78,3442
Team17,4,86.71,58284
Pixeljam,9,86.67,4381
Zach Tsiakalis-Brown,4,86.67,4204
isTom Games Kft.,3,86.67,2304
YCJY Games,4,86.65,14807
Dynamic Pixels,7,86.64,36552
Illusion Softworks,3,86.63,16300
Antonio Freyre,6,86.63,978
Rocket Boy Games,4,86.63,508
Humongous Entertainment,32,86.62,7827
Reflections,3,86.61,8974
inkle Ltd,9,86.61,6466
Post Mortem Pixels,3,86.61,601
Niffler Ltd.,3,86.6,1234
Revmatek,5,86.59,2650
Awesome Games Studio,6,86.58,32466
SECRET CHARACTER,3,86.58,560
Toxic Games,3,86.53,3659
A Sharp,3,86.53,1118
Creepy Brothers,7,86.52,6777
8BitSkull,3,86.52,1400
Proton Studio Inc,3,86.5,6022
Aether Studios,3,86.48,43724
Neat Corporation,4,86.47,3099
Buka Development,3,86.43,1664
Dylan Fitterer,3,86.42,19672
Kokutou Umeboshi,3,86.42,599
Funktronic Labs,5,86.41,1985
Rocksteady Studios,7,86.4,323965
Maschinen-Mensch,3,86.4,8201
Moonlit Works,4,86.38,8927
New World Interactive,3,86.37,273844
Deep Root Interactive,4,86.37,4690
DONTNOD Entertainment,6,86.35,272153
Haydee Interactive,3,86.35,8338
Wix Games,6,86.35,1486
Futurtech,3,86.35,603
ASTRO PORT,9,86.32,1507
PRODUKTIVKELLER Studios,3,86.32,1092
Sean Young,3,86.31,17961
Incandescent Games,3,86.31,682
Ludosity,10,86.3,15427
Mixed Realms Pte Ltd,3,86.28,7975
Handelabra Games Inc.,6,86.27,4232
Roll7,5,86.26,7316
General Arcade,3,86.26,4339
Playdek,5,86.24,6175
Ubisoft Montpellier,6,86.23,51503
Pixelsplit,5,86.22,2857
CC ARTS,3,86.22,2066
9FingerGames,3,86.21,4513
Lasse Zacho Malver,3,86.21,1069
Neko Game,4,86.19,2613
Deck Nine,5,86.17,63489
Ice-Pick Lodge,6,86.16,19219
KARMAGAME HK LIMITED,3,86.15,2558
Fabraz,5,86.14,1440
Edym Pixels,4,86.12,2071
EMIKA_GAMES,7,86.1,11429
Edmund McMillen,5,86.06,71768
Michael Todd Games,3,86.06,4576
SMU Guildhall,9,86.05,2138
JSL Entertainment,3,86.04,28037
Dvora Studio Co.,3,86.03,6407
Little Chicken Game Company,3,85.98,819
Entertainment Forge,5,85.97,6030
MONKEYCRAFT Co. Ltd.,5,85.96,11472
Anvate Games,3,85.96,697
Live Wire,3,85.92,39945
BeautiFun Games,3,85.91,3094
Team Tetrapod,3,85.9,4037
Spry Fox LLC,4,85.89,1513
Tainted Pact,3,85.89,757
Tamerlan Satualdypov,3,85.89,537
章鱼罐头制作组,3,85.88,1919
Tequila Works,7,85.86,23569
Pandemic Studios,6,85.85,61278
Tripwire Interactive,7,85.83,252991
Ironhide Game Studio,8,85.81,53572
Intrepid Marmot,3,85.8,1412
Rake in Grass,7,85.79,6973
Digital Sun,3,85.75,26026
Metalhead Software Inc.,3,85.74,4011
Osmotic Studios,3,85.72,16914
Battlecruiser Games,4,85.72,5112
Prideful Sloth,3,85.71,7395
CITY CONNECTION,9,85.71,645
Salamandra88,5,85.66,1259
Steel Wool Studios,6,85.65,82496
10tons Ltd,15,85.65,10289
CodeManu,5,85.64,1655
Oxeye Game Studio,3,85.6,1050
LuGus Studios,4,85.57,12327
Kiki Games,4,85.57,2838
Gotcha Gotcha Games,10,85.56,18720
Retrific,4,85.56,2100
Purple Lamp,4,85.55,29063
SANDLOT,3,85.55,27163
Introversion Software,7,85.52,85226
OutOfTheBit Ltd,3,85.52,530
Trinity Team,4,85.5,4880
JoyMasher,4,85.48,4466
quicktequila,3,85.48,2998
John Szymanski,6,85.47,5248
Apogee Software,4,85.47,655
Rubeki Games,3,85.45,2278
L. Stotch,14,85.44,15745
Cotton Game,14,85.43,4092
Rejected Games,3,85.42,7486
Hammer & Ravens,3,85.41,773
Edelweiss,4,85.4,8384
Alawar Stargaze,6,85.4,1104
Arnold Rauers,3,85.4,300
FromLefcourt,3,85.38,605
Valorware,3,85.37,1131
Anatoliy Loginovskikh,30,85.36,14814
STP WORKS,4,85.36,1100
Ironclad Games Corporation,3,85.33,23754
LEVEL5 Inc.,4,85.33,23582
Mountain and Sea Studio,3,85.32,1317
Tozai Games,3,85.32,543
COLOPL,3,85.32,310
Big Blue Bubble,5,85.31,43670
Ells&Pills,3,85.3,296
Coldwild Games,6,85.26,4813
Chicken Launcher,3,85.25,6930
13AM Games,3,85.25,380
Cogoo,3,85.22,233
Triumph Studios,9,85.18,52551
Mr. Pink,3,85.17,3690
Mikołaj Spychał,4,85.16,343
NEOWIZ,4,85.13,82861
CAPCOM Co.,40,85.12,2056623
Resolution Games,7,85.12,3304
Activision,3,85.11,295
PGN Inc,3,85.08,1772
Croteam VR,5,85.07,3736
Stainless Games Ltd,3,85.04,5120
Fictiorama Studios,4,85.03,13994
Swing Swing Submarine,3,85.03,4305
Revolution Software Ltd,6,85.02,7615
SKY HOUR WORKS,3,85.02,697
Big Fish Games,7,84.96,812
Digital Extremes,3,84.95,649104
INTI CREATES CO.,25,84.95,22049
Black Train,3,84.95,1134
Turtle game,3,84.95,704
VitruviusVR,3,84.94,946
TT Games,9,84.92,96733
Thunder Lotus,3,84.9,59815
Sleepwalking Potatoes,3,84.9,210
Caligari Games,3,84.89,1134
灰烬天国,4,84.88,1722
Schell Games,9,84.85,12511
Fantasy Flight Games,5,84.85,2707
Windward_Birds,4,84.84,383
Frostwood Interactive,3,84.83,443
Adventurer's Tavern,3,84.82,1173
Monstrum,3,84.82,856
Sos Sosowski,3,84.81,5509
Invictus Games Ltd.,5,84.8,6452
Clarus Victoria,5,84.8,4501
Sumalab,3,84.8,653
Kerry Batts,4,84.8,318
Stoic,4,84.75,22795
Boomzap Inc,3,84.75,411
Pine Studio,5,84.74,21733
Horizon Hobby,3,84.72,1435
Reborn Entertainment,4,84.71,4123
HeartBeat Plus,7,84.7,5480
Castle Pixel,4,84.68,1250
MAGES. Inc.,40,84.67,46645
Green Sauce Games,5,84.65,642
Montee Games,3,84.65,360
Kool2Play,4,84.64,798
Zoink Games,4,84.62,1588
KIMIDORI SOFT,8,84.62,1437
Yamoto,4,84.62,491
Dodge Roll,3,84.61,89796
SKIPMORE,4,84.61,711
Eerie Guest,4,84.6,11263
Daniel Linssen,3,84.57,2534
Euphoria Games,5,84.55,853
Dark One!,4,84.54,1324
HappyGames,4,84.5,2203
Ninja Theory,6,84.49,121111
Haemimont Games,15,84.48,89818
Gas Powered Games,6,84.48,36704
Stanislaw Truchowski,7,84.47,3705
Team Grybanser Fox,4,84.47,321
Ninetail,4,84.46,1258
Remedy Entertainment,7,84.45,164102
Ant Workshop Ltd,4,84.45,374
Rebelião Studio,3,84.45,196
WinterSpring Games,3,84.44,3980
Choice of Games,37,84.43,7312
Cipher Prime Studios,4,84.43,1490
Coldwood Interactive,3,84.42,12682
Sunward Games,13,84.42,3154
Sinister Design,3,84.41,344
Double Stallion,3,84.4,1532
Soldak Entertainment,7,84.4,1445
BANDAI NAMCO Studios Inc.,10,84.39,156302
Tobias Springer,3,84.38,14660
Robert Alvarez,5,84.37,1402
Tamsoft,9,84.35,19662
James Earl Cox III,4,84.35,425
DarkStone Digital,4,84.32,7675
YEARS,4,84.32,3034
TRIANGLE SERVICE,3,84.32,185
TECOPARK,3,84.31,33427
Schmidt Workshops,4,84.31,601
id Software,22,84.3,635276
Flying Panjandrum / ふらいんぐパンジャンドラム,3,84.3,515
CarloC,3,84.3,310
Crema,3,84.29,43825
PikPok,4,84.29,9024
Bolverk Games,5,84.27,520
Milkstone Studios,9,84.26,38054
Abbey Games,4,84.26,11681
黄昏フロンティア,3,84.26,2798
Winged Cloud,40,84.21,39151
Oddscure,3,84.21,349
Rubicon Development,3,84.19,312
qureate,8,84.18,2868
Naughty Clogs,3,84.18,415
BottleCube inc.,4,84.17,675
Artifex Mundi,16,84.16,15639
Vixa Games,3,84.15,1022
WRF Studios,4,84.14,632
Sundae Month,3,84.12,1632
LEAP Game Studios,3,84.11,1825
Element Studios,3,84.07,3741
Madruga Works,3,84.06,27303
EpiXR Games UG,11,84.06,652
QZQ Studio,5,84.06,473
Big Loop Studios,5,84.05,5702
Stranga Games,8,84.02,3371
FirePillar2,3,83.97,765
GRASSHOPPER MANUFACTURE INC.,9,83.95,14937
ASTXRIAL Works,3,83.95,1083
Freedomize Studio,3,83.94,1549
SCS Software,15,83.92,1056271
Alice & Smith,4,83.92,3302
Enokippu,3,83.91,911
Kraken Studios,3,83.91,408
Terror Dog Studio,3,83.9,3713
Bonereaders,3,83.9,721
Silver Lemur Games,5,83.88,792
Simon Fredholm,3,83.86,4162
Larian Studios,8,83.84,1003074
Acerola,9,83.84,5844
Telltale Games,15,83.8,209053
Sinkhole Studio,3,83.78,1194
System 3,4,83.76,1512
SoftWarWare,3,83.74,3164
Unfinished Pixel,5,83.73,703
Sounding Stone / 老奉毊,5,83.71,521
游戏养家工作室,3,83.69,5025
Flying Wild Hog,8,83.68,81617
Redblack Spade,3,83.68,1263
Windybeard,5,83.67,1580
Osaris Games,3,83.66,1780
Reiza Studios,5,83.65,17043
RuneStorm,4,83.64,32601
Awoker Games,3,83.64,1335
Adi Zhavo,3,83.63,5113
Hitcents,3,83.63,2571
Rabotiagi games,5,83.62,3578
Nostalgames,4,83.62,3279
CAVYHOUSE,3,83.62,538
Spike Chunsoft Co.,20,83.61,186000
Sebasa Games,3,83.61,3035
TERNOX,5,83.59,2267
The Pixel Hunt,3,83.59,480
ManaVoid Entertainment,3,83.57,766
Arrowhead Game Studios,4,83.56,1090403
Mediatonic,6,83.54,484144
Slitherine Ltd.,7,83.54,10097
Pathea Games,5,83.53,82928
Halfbrick Studios Pty Ltd,3,83.53,4916
Eurocom,4,83.53,1828
THE BROTHERHOOD,4,83.5,6989
Lazy Monday Games,3,83.5,2875
DON'T NOD,5,83.49,16423
Steelkrill Studio,6,83.49,1616
DreamStep,3,83.49,1171
AtomTeam,3,83.47,15297
Gamious,5,83.46,20177
SUPERHOT Team,3,83.45,61040
Big Way Games,3,83.45,1858
Longbow Games,4,83.45,1670
Relic Entertainment,20,83.4,283777
Red Dot Games,4,83.39,96064
Graphite Lab,3,83.38,543
Neckbolt,3,83.37,1146
Stunlock Studios,4,83.33,188681
Alawar Entertainment,10,83.33,2869
VaragtP,7,83.3,10254
Strategy First,4,83.3,3329
Undercoders,3,83.3,286
Acram Digital,6,83.29,818
M2 Co.,5,83.28,1137
Lonhong Team,3,83.28,333
Creative Hand,3,83.28,227
Monolith Productions,7,83.27,217745
Crytek Studios,3,83.27,32349
0 Deer Soft,4,83.26,1400
Animu Game,3,83.24,3816
Han Zhiyu,3,83.24,673
Minimol Games,17,83.23,2174
Jagex Ltd,3,83.22,62073
Jutsu Games,4,83.22,39357
YAW Studios,5,83.21,740
Night School Studio,3,83.2,14648
Red Storm Entertainment,6,83.19,4309
mc2games,8,83.19,2145
WSS playground,5,83.18,53505
Undead Labs,3,83.17,92567
Techland,10,83.16,741174
NetherRealm Studios,5,83.14,241240
BlueEagle Productions,4,83.14,3137
IO Interactive A/S,4,83.13,80981
Krillbite Studio,5,83.09,32333
SukeraSomero,3,83.09,4871
Killerfish Games,3,83.06,8935
Hajime Doujin Circle,4,83.06,1018
Antler Interactive,3,83.06,223
Heart Machine,3,83.03,22521
Quantic Dream,5,83.02,224454
Playsaurus,6,83.0,80709
Over The Moon,3,83.0,6117
No.25,8,83.0,2199
Noham Games,3,83.0,806
Sandstorm Studios Inc.,3,82.97,5553
Robot Entertainment,5,82.95,51018
J.Bowman,3,82.95,1501
Artem Kotov,3,82.94,627
SUCCESS Corp.,3,82.93,217
Rogue Snail,3,82.92,8011
HeR Interactive,34,82.91,7993
Cordelia Games,4,82.9,831
Molter,3,82.88,540
Mazen Games,4,82.87,1787
Apogee Entertainment,7,82.87,873
Boogygames Studios,4,82.87,452
S.C. 16 BIT NIGHTS S.R.L.,4,82.86,2075
Growing Seeds,3,82.86,370
Vanguard Games,3,82.83,5401
11 bit studios,8,82.82,254543
Nerdook Productions,7,82.78,3472
Triple.B.Titles,3,82.77,4958
illuCalab,5,82.77,1985
RainbowStudio,4,82.76,474
Brace Yourself Games,4,82.75,32974
Phoenix Online Studios,3,82.75,2214
Reflect Studios,5,82.72,7921
Interplay Entertainment Corp.,6,82.7,796
Wolfire Games,4,82.69,15975
Crystal Game Works,4,82.69,554
Nyanco Channel,5,82.69,386
Flying Oak Games,3,82.67,3819
Apus Software,4,82.65,787
Missing Calm,3,82.61,1621
Basilisk Games,3,82.61,606
橙光游戏,10,82.6,2839
Turtle Cream,3,82.6,781
Crimsonite Games,3,82.6,734
Double Fine Productions,18,82.59,93593
Coatsink,5,82.58,17914
Strategy 3 Tactics,3,82.58,305
Brainwash Gang,5,82.57,19202
The Binary Mill,4,82.56,1314
Puppygames,5,82.55,3649
Aeternum Game Studios S.L,4,82.55,2329
Trese Brothers,5,82.54,6027
Logic Artists,4,82.53,11845
Chucklefish,3,82.51,170419
Vlambeer,5,82.5,30399
Stress Level Zero,5,82.48,55294
Unbound Creations,7,82.48,3332
Obsidian Entertainment,16,82.46,525910
Laminar Research,3,82.46,24221
CD PROJEKT RED,8,82.44,1898518
Bigosaur,5,82.44,2155
Rebellion,20,82.43,203464
Owlcat Games,3,82.43,102722
SBN3,3,82.43,14023
Digital Crafter,6,82.42,1734
Dischan Media,4,82.42,1666
QLOC,5,82.41,186914
Andrade Games,3,82.41,282
Raven Software,5,82.38,38489
Cyan Worlds Inc,8,82.37,9949
Transhuman Design,5,82.35,8984
Rionix,3,82.35,448
KHB-Soft,3,82.34,5944
Stratera Games,4,82.34,2787
FlyAnvil,3,82.33,2344
SimBin Studios AB,3,82.33,761
17-BIT,3,82.32,1409
Piranha Bytes,8,82.31,90444
Iron Tower Studio,3,82.3,7633
Toge Productions,5,82.29,16333
Robot Invader,3,82.29,718
Oddworld Inhabitants,5,82.25,9205
Party for Introverts,3,82.24,1171
BetaDwarf,3,82.23,68353
Respawn Entertainment,3,82.22,417272
TAITO CORP.,5,82.21,2173
WayForward,23,82.2,28286
Steel Mantis,3,82.2,5224
Lunarch Studios,3,82.19,4315
GameHouse,10,82.19,1013
Studio Evil,3,82.14,1320
Siberian Mouse,10,82.11,1478
Massive Entertainment,3,82.08,93669
Game Dynasty,4,82.08,851
Gamepires,3,82.07,116258
LucasArts,21,82.07,54838
Sokpop Collective,28,82.07,5762
Razzart Visual,4,82.07,3094
World-Loom,8,82.05,2293
Charlie Behan,3,82.03,1037
Mature Games,6,82.02,3661
Massive Miniteam,3,82.02,1718
Shawn Hitchcock,3,82.01,44393
Anate Studio,5,82.01,1345
Alawar Casual,8,82.0,1889
Doomster Entertainment,5,82.0,1359
Lonely Troops,11,81.99,11369
Yobob,3,81.99,435
Mario von Rickenbach,4,81.97,6983
Snail-Ninja Studio,4,81.97,1140
NovaLogic,13,81.96,3437
Kinto Games LLC,3,81.96,2585
souvenir circ.,3,81.93,648
Best Way,4,81.92,11837
Nerd Monkeys,3,81.91,582
Solecismic Software,3,81.91,569
Vertigo Gaming Inc.,5,81.89,11243
Graviteam,5,81.89,2422
SOFTSTAR ENTERTAINMENT,17,81.86,18678
Vile Monarch,8,81.84,11397
Still Running,4,81.83,2855
Failbetter Games,3,81.82,12974
M2H,3,81.82,2517
Firaxis Games,24,81.81,997299
Strategy Game Studio,5,81.79,576
Owlchemy Labs,7,81.78,9872
Alder Games,3,81.77,226
Gemdrops,4,81.75,689
Paintbucket Games,3,81.73,3704
Runner Duck,3,81.71,18491
PUMPKIM,4,81.71,11529
Sierra,7,81.7,2378
Uppercut Games Pty Ltd,4,81.67,6461
Dejobaan Games,6,81.67,3423
Holyday Studios,3,81.66,9632
People Can Fly,3,81.64,71056
Chibig,6,81.64,4496
Avalanche Studios,7,81.63,308388
Eduard Kozadaev,4,81.62,7477
Blendo Games,7,81.62,6491
CREATIVE ASSEMBLY,18,81.6,750464
Sixteen Tons Entertainment,5,81.58,4440
Grounding Inc.,3,81.58,2222
Behold Studios,4,81.54,10859
Mommy's Best Games,6,81.54,1622
Jackbox Games,26,81.48,36077
Return To Adventure Mountain,3,81.48,703
IzanagiGames,5,81.46,1300
Animation Arts,6,81.42,1823
Endlessfluff Games,3,81.39,4381
Twisted Pixel Games,3,81.39,1024
Flying Islands Team,3,81.37,682
Kwing works,3,81.36,553
Shiro Games,7,81.35,121177
Nadeo,8,81.35,37944
Bethesda Game Studios,13,81.34,1630031
Dancing Dragon Games,5,81.34,15026
MyACG Studio,4,81.34,8825
Cygames,6,81.33,79654
Fireglow,3,81.32,970
Steve Gal,5,81.31,1168
The Knights of Unity,6,81.28,10999
Wolf & Wood Interactive Ltd,4,81.27,1272
ToastieLabs,4,81.26,10629
上海烛龙信息科技有限公司,3,81.25,56056
Studio Fizbin,6,81.24,5412
MGP Studios,3,81.24,1167
Yummy Yummy Studio,3,81.24,504
Studio Oleomingus,3,81.23,453
Antti Vaihia,3,81.23,205
Crackshell,6,81.21,22688
Grimlore Games,4,81.2,12820
Keybol,3,81.19,529
SOFTSTAR TECHNOLOGY(SHANGHAI),3,81.18,2534
Marvelous Inc.,15,81.17,30650
Trickster Arts,3,81.17,695
Nippon Ichi Software,23,81.16,19976
Sumo Digital,8,81.15,52499
RandomSpin,3,81.15,659
Bulwark Studios,3,81.14,29859
Overflow,6,81.14,1632
Rain Games,5,81.13,3528
Konfa Games,3,81.12,8336
yeswecamp,3,81.12,4894
Platine Dispositif,4,81.12,868
David Moralejo Sánchez,5,81.1,9065
DOMO Studio,7,81.08,5649
bhungry,4,81.06,2132
BlueLine Games,3,81.06,559
Pyro Studios,6,81.01,10513
MyDreamForever,3,80.98,849
68k Studios,3,80.97,221
Honor Games,3,80.96,1691
Korvinrular,4,80.96,559
Perverse Games,7,80.9,979
Hero Concept,3,80.89,889
AVANTGARDE,4,80.89,883
TrerPlay,3,80.89,786
Eugen Systems,9,80.85,59171
OfficialAndy,3,80.84,4804
Perspektik,4,80.84,783
343 Industries,3,80.82,420650
PHL Collective,4,80.81,765
Idea Factory,31,80.78,36948
IPACS,3,80.77,3026
Harebrained Schemes,6,80.72,61475
Owned by Gravity,4,80.72,3671
Muzzy Lane Software,3,80.72,1012
Crystal Dynamics,11,80.7,414332
AFOG,4,80.7,8281
Brain Seal Ltd,6,80.7,1410
U-Secret Studio,3,80.68,5553
Chequered Ink Ltd.,3,80.68,226
Glowstick Entertainment,3,80.67,24510
Axel Sonic,4,80.64,657
Destructive Creations,6,80.63,35447
1C: Maddox Games,3,80.61,5560
Big Fat Simulations Inc.,5,80.6,1245
SpinTop Games,7,80.6,718
Avalanche Software,9,80.57,327469
NukGames,9,80.57,12758
Neoclassic Games,7,80.57,1559
Capcom,13,80.56,282919
Byzantine Games,4,80.56,2198
Quantized Bit,4,80.5,1427
Goosix Games,3,80.48,3464
Angry Mob Games,3,80.48,1976
yeo,3,80.47,4121
Crytek,9,80.46,326706
Hexage,4,80.42,1430
Devespresso Games,3,80.42,1429
Spearhead Games,4,80.39,9607
Beshbarmak games,3,80.37,568
VRKiwi,3,80.36,537
QUByte Interactive,6,80.34,1173
Q-Games Ltd.,5,80.29,2386
AleCubicSoft,6,80.27,1700
Totally Games,3,80.26,1360
Antizero company,3,80.25,273
Home Net Games,10,80.24,11105
Samer Khatib (Snowconesolid Productions),3,80.24,1077
Hello Games,4,80.22,368160
Bad Vices Games,3,80.22,10353
Somi,6,80.19,11803
Daedalic Entertainment,24,80.18,69980
Digital Dreams Entertainment,3,80.16,1120
Sinclair Strange,4,80.13,975
GosDev Production,3,80.12,8462
Digixart,3,80.1,23125
Pixel Puzzles,12,80.09,9246
Yai Gameworks,7,80.09,1668
Studio Saizensen,8,80.08,1493
weltenbauer. Software Entwicklung GmbH,3,80.01,18533
Nemesys Games,3,80.0,1824
绝汪,3,80.0,1642
SNK CORPORATION,22,79.97,44512
ACE Team,10,79.97,19031
Double Eleven,3,79.97,1912
Frontier Developments,14,79.95,374665
Departure Interactive,3,79.95,1285
BioWare,12,79.93,220921
Tilted Mill Entertainment,4,79.92,1629
HaDe Games,4,79.91,285
SC Jogos,13,79.9,14966
Pocketwatch Games,3,79.89,12734
Piranha Games Inc.,3,79.88,29543
The Secret Games Company,3,79.85,1676
Threaks,3,79.85,1341
One More Level,4,79.83,74104
Unexpected,4,79.82,2895
Ghost Games,3,79.81,185512
CAPCOM CO.,9,79.81,27997
Digital Eclipse,12,79.81,7262
Deceptive Games Ltd.,3,79.8,430
Peaksel,4,79.78,1569
Wave Light Games Inc.,3,79.78,439
AMPLITUDE Studios,7,79.77,95390
Almighty Games,3,79.77,2376
Atelier 801,4,79.75,32754
Panda Indie Studio,4,79.73,937
Subsoap,5,79.72,3703
SRS Games,3,79.71,1023
Arkane Studios,10,79.7,257007
Noble Master LLC,3,79.66,3586
Orcsoft,3,79.66,459
3f Interactive,3,79.65,1843
GOCORE,6,79.64,3181
Offworld,3,79.63,266237
Garage Heathen,3,79.63,3795
Noble Muffins,4,79.62,38950
Wooden Monkeys,3,79.62,1565
Digital Melody,8,79.61,16886
疯王子,3,79.61,1188
Sacada,4,79.61,576
Sobaka Studio,5,79.6,4841
Sonalysts,4,79.6,1169
Visualnoveler,4,79.59,911
Simuverse Interactive,4,79.58,3325
Terminal Reality,5,79.57,3569
Retro Army Limited,6,79.57,3029
Zloy Krot Studio,5,79.56,1483
Mega Cat Studios,8,79.54,13286
Specialbit Studio,6,79.54,1404
Battlefront,7,79.53,2000
Shorebound Studios,4,79.52,1425
MachineGames,5,79.49,150331
Konnichiwa Games,10,79.47,6534
Demagog Studio,3,79.47,1974
5minlab Corp.,4,79.45,2487
Grey Havens,3,79.43,26285
RedKar Devs,4,79.4,698
Cats Who Play,3,79.38,6622
Gua,4,79.36,4174
LRDGames,4,79.35,1174
SMG Studio,6,79.33,42781
Galvanic Games,4,79.33,5049
Urban Games,3,79.32,41851
Airship Syndicate,4,79.31,55038
Nerial,8,79.31,13877
Altar Games,3,79.31,2835
Woodsy Studio,4,79.31,278
Sirlin Games,4,79.28,2359
Starni Games,7,79.27,2532
Five BN,5,79.27,605
Core Design,6,79.26,12190
netmin games,3,79.26,265
Dotemu,10,79.25,49486
Sam Barlow,3,79.23,12641
Twilight Sonata Studio,8,79.23,2765
Mehsoft,6,79.21,2854
Infogrames,6,79.21,1703
BBQ大好き,4,79.2,692
Minor Key Games,8,79.19,9209
Puny Human,3,79.11,5985
Lavaboots Studios,3,79.09,3955
Five Mind Creations,3,79.09,687
Sierra On-Line,3,79.08,575
Vagabond Dog,4,79.06,2857
IObit,3,79.05,10658
Meng Games,7,79.05,1390
MercurySteam,5,79.01,20876
JustTomcuk,5,79.01,1025
IDEA FACTORY,13,79.0,20848
Technomancy Studios,5,79.0,1982
Ravinia,3,79.0,215
The House of Fables,8,78.96,2444
Celeritas Games,4,78.96,561
Frontline: Games Series,4,78.95,264
Empyrean,3,78.93,95423
Manic Mice,3,78.93,13315
Frozenbyte,13,78.88,95334
DevilishGames,4,78.88,534
Different Tales,4,78.86,1274
Emilios Manolidis,3,78.86,587
GameChanger Studio,4,78.85,2356
Enlight Software Limited,9,78.84,2533
Popcannibal,4,78.83,9816
Innervoid Interactive,3,78.83,1899
Passtech Games,5,78.8,28190
Ubisoft Montreal,33,78.75,3803167
G-MODE,6,78.75,1232
baron sengia,3,78.73,348
Starwind Games,3,78.73,244
Pocketpair,4,78.72,404619
Flight School Studio,5,78.71,751
Vladislav Castillo Gonzalez,3,78.7,993
I'm moralist,3,78.7,280
Xitilon,4,78.68,580
Leikir Studio,4,78.67,3484
lamb of game,5,78.65,1406
Sir-Tech,3,78.65,984
Vincent Lade,6,78.64,821
MIROWIN,8,78.62,2231
Hitbear Studio,3,78.61,456
Might and Delight,11,78.58,20761
VDO Games,3,78.55,864
DOG HOGGLER,3,78.52,3874
Ascaron Entertainment ltd.,3,78.52,2138
Extend Studio,3,78.51,1213
Mythical City Games,3,78.51,469
Team Syukino,3,78.51,196
Milky Tea Studios,3,78.49,1161
Brouillard,3,78.49,424
Outerlight Ltd.,3,78.48,7953
David Gallardo,3,78.47,1083
Kitfox Games,4,78.46,8866
Ishtar Games,4,78.42,14897
Volha,3,78.42,393
Crazy Goat Games,4,78.41,1738
2Awesome Studio,3,78.4,1073
Vertigo Games,10,78.38,19164
rokaplay,8,78.38,1026
Secret Labo,5,78.37,3319
Tin Man Games,10,78.37,2107
Lazy Bear Games,6,78.35,67682
Zhongce Games,3,78.35,1005
Far Mills,4,78.33,808
Irrational Games,3,78.29,141493
State of Play,4,78.29,4456
iFAction Studio,3,78.29,1438
DICE,11,78.27,961199
Luden.io,6,78.27,9393
K Bros Games,4,78.25,5789
MuHa Games,3,78.22,7091
Digital Reality,8,78.22,3784
Marco Amadei,5,78.21,12159
Hasoyua,4,78.2,878
Doctor Entertainment AB,4,78.18,26066
Playcademy,5,78.15,444
the Bratans,4,78.14,27699
Alientrap,8,78.14,12538
Alkemi,3,78.14,1847
RocketWerkz,4,78.13,54966
Funcom,8,78.12,131065
Campfire Studio,3,78.12,5185
Square Enix,89,78.11,686480
DRAGAMI GAMES,6,78.1,2995
Megame LLC,3,78.1,1584
Raptor Claw Games,8,78.09,2558
Sonic Team,7,78.08,61118
Weappy Studio,3,78.07,18481
Nawia Games,3,78.04,1472
Носков Сергей,3,78.0,6200
SimBin,3,78.0,3024
Darkling Room,7,78.0,1515
Archor Wright,5,77.96,553
Ion Storm,3,77.93,19292
Dymchick1,5,77.91,2089
Hack The Publisher,3,77.91,368
Dnovel,7,77.9,521
Gearbox Software,16,77.87,615488
Error 300,3,77.87,258
KAIKO,3,77.85,23409
Darkphobia Games,3,77.83,2147
Petoons Studio,4,77.83,1788
LizardFactory,3,77.83,581
Straight Back Games,3,77.81,85182
Digital Cybercherries,3,77.81,9421
DSGame,17,77.8,40360
Forceight,4,77.77,3830
Orangepixel,4,77.77,349
Size Five Games,6,77.76,3259
Hunny Bunny Studio,19,77.75,2236
A2 Softworks,4,77.73,1661
Reply Game Studios,3,77.67,3107
Tasharen Entertainment Inc.,3,77.66,4367
Standing Stone Games,3,77.6,37049
Paradox Development Studio,16,77.54,971446
Gunfire Games,5,77.52,147314
616 GAMES,12,77.51,2053
Pendulo Studios,9,77.48,10901
Digital Happiness,4,77.47,8595
Whiskeybarrel Studios,6,77.47,4722
Yuna Studio,3,77.45,338
KomBits Game Studio,3,77.45,334
Terapoly,3,77.44,2259
Nival,12,77.43,21990
Wargaming Group Limited,4,77.41,387655
PixelMouse,3,77.35,2285
Renderise,3,77.33,17291
ZHANG FAN,6,77.33,1057
Bluespy Studios,3,77.33,722
Rockstar North,4,77.32,2228709
Massive Damage,4,77.31,5342
Lance Games,3,77.31,2020
Rockstar Games,7,77.29,830155
Rainbow Studios,8,77.28,11111
Serenity Forge,8,77.26,5201
Lienzo,3,77.24,297
KOEI TECMO GAMES CO.,88,77.23,320943
Rebound CG,4,77.23,679
Unwonted Studios,3,77.19,2287
Aleksandr Golovkin,5,77.18,4507
Locked Door Puzzle,4,77.17,2195
Private Moon Studios,3,77.17,225
Volition,9,77.15,116875
Signal Studios,3,77.15,2822
Endless Loop Studios,10,77.14,7254
Infinity Ward,12,77.13,312309
1C Wireless,3,77.13,497
Ubisoft Mainz,5,77.11,28459
Agafonoff,5,77.11,22464
Marmalade Game Studio Ltd,7,77.11,11498
MagicIndie,6,77.11,1179
Proxy Studios,3,77.1,16863
Nibb Games,3,77.1,293
Pieces Interactive,3,77.04,17249
Circle Poison,4,77.02,1977
Quarlellle,9,77.02,1022
Enitvare,3,77.01,980
Muse Games,7,76.99,20299
Woblyware,3,76.99,572
Choice Provisions,6,76.98,5650
Crypton Future Media,3,76.98,1807
Pickle Drugs,3,76.97,355
SomaSim,3,76.96,6371
Milestone S.r.l.,41,76.93,65314
Cherry Pop Games,4,76.9,6418
Pastagames,3,76.9,1989
Unusualsoft,4,76.89,11403
New Bridge Games,3,76.89,248
PS Games,3,76.87,219
GexagonVR,5,76.85,6229
Flying Star Games,4,76.81,281
Duality Games,5,76.8,7212
2K Marin,3,76.76,52827
Broken Rules,4,76.76,6235
G5 Software,3,76.76,451
Casual Brothers Ltd.,3,76.75,257
Paleno Games,3,76.72,1398
Giorgi Abelashvili,4,76.66,943
Gaijin Games,6,76.65,8211
VOODOO,3,76.65,281
Ubisoft,17,76.56,279493
Asakiyumemishi,4,76.56,537
League of Geeks,3,76.52,18197
Blue Isle Studios,4,76.51,21858
Corrosive Studios LLC,4,76.46,507
Exordium Games,5,76.45,1754
KING Art,9,76.44,23378
Lovely Games,36,76.42,18293
GidAzGames,4,76.4,2052
IriySoft,3,76.4,1001
Inu to Neko,5,76.37,408
LUXO Interactive,3,76.36,787
Access Software,5,76.34,434
Bandai Namco Studios Inc.,3,76.33,144042
Purple Tree S R L,3,76.33,621
Galart,3,76.3,658
Amaranth Games,3,76.25,460
Weird and Wry,3,76.24,2597
Black Eye Games,3,76.23,2926
Burak Dabak,3,76.22,4960
FURYU Corporation,9,76.22,3573
Split Light Studio,4,76.19,704
Cybernetic Walrus,4,76.16,1188
ILLUSION,3,76.14,4422
Ratalaika Games S.L.,3,76.14,178
ClockStone,8,76.13,11703
Draw Distance,6,76.11,8881
Bitmap Bureau,4,76.11,797
Treyarch,11,76.1,1274119
Cryptic Studios,3,76.08,62912
DigiPen Europe-Bilbao,6,76.08,719
Asobo Studio,7,76.07,164711
香港商河洛互動娛樂股份有限公司,4,76.06,52658
BKOM Studios,3,76.06,1382
Room710Games,5,76.04,7452
Walnut LLC,4,76.02,7337
Goblinz Studio,5,76.01,8902
Baked Games,3,75.97,5235
Dieselmine,6,75.92,1625
Carlos Coronado,3,75.92,1010
LU QI,3,75.88,240
USERJOY Technology Co.,16,75.86,23294
NotGames,3,75.85,12397
Invisible Walls,3,75.8,6228
Red Thread Games,3,75.78,6855
FobTi interactive,6,75.78,521
Forever Entertainment S. A.,11,75.77,9039
Papaya Studio,3,75.77,742
REMIMORY,5,75.76,1534
russpuppy,5,75.74,1220
Hörberg Productions,3,75.73,1045
Bartosz Bojarowski,3,75.73,397
Herrero Games,3,75.72,374
inXile Entertainment,11,75.69,39754
BadFly Interactive,3,75.69,7169
BambuseaeGames,3,75.68,1688
MicroProse Software,18,75.67,8876
OSome Studio,6,75.66,3135
Lucas Molina,3,75.59,694
Mårten Jonsson,4,75.56,2095
Firefly Studios,9,75.54,77520
吃了就睡工作室,8,75.54,2774
Samobee Games,3,75.53,778
D'Avekki Studios Ltd,4,75.5,2673
弘煜科技事業股份有限公司,8,75.5,842
Brave Giant LTD,20,75.48,4823
Aldorlea Games,15,75.48,2220
Hyper Hippo Games,5,75.47,66576
Leonard Menchiari,3,75.46,5283
Petroglyph,11,75.44,86906
DigitalDream,4,75.38,1444
Chaosmonger Studio,3,75.34,752
Fern Nigro,4,75.28,844
Performance Artist,6,75.28,725
DarkDes Labs,3,75.26,270
Saber Interactive,13,75.23,265286
gamigo US Inc.,3,75.21,104168
Deck13,6,75.2,24213
Curve Studios,3,75.19,1560
Tortuga Team,6,75.17,5161
Frogames,3,75.15,1553
Zojoi,6,75.14,1102
BancyCo,3,75.12,1909
Alterego Games,3,75.09,276
Vladimir Maslov,7,75.07,2474
MojoTouch,3,75.07,434
City Interactive,5,75.06,28070
Gunnar Games,5,75.06,547
Quacky Games,10,75.05,1403
CleanWaterSoft,3,75.05,429
Tate Multimedia,7,75.03,12498
Ash Game Studio,3,75.03,677
RVL Games,3,75.02,1223
DRYBREAD,3,75.02,295
Bad Seed,3,74.99,682
Arrowiz,3,74.98,2189
5 Lives Studios,3,74.95,6865
PanicBarn,3,74.9,2991
Elite Lords Studios,3,74.82,413
N-Fusion Interactive,3,74.77,1133
Monster Tooth Studios,3,74.76,1219
MumboJumbo,27,74.65,4430
Fakt Software,3,74.64,10350
Saibot Studios,6,74.63,5494
Zen Studios,8,74.61,9037
Crisp App Studio,15,74.61,1445
Mutiny Software,3,74.61,873
Snap Finger Click,3,74.61,393
KONAMI,21,74.59,282596
Insane Dreamers,4,74.57,1317
Bugbyte Ltd.,3,74.56,10220
Fancy Fish Games,4,74.55,2122
Haggard Games,3,74.55,1948
Turquoise Revival Games,10,74.54,4628
KuKo,15,74.54,3959
Sigma Team Inc.,12,74.53,14002
PreoNus Games,5,74.53,1103
Climax Studios,7,74.5,7946
Frima Studio,4,74.49,4521
Microids Studio Paris,3,74.48,4654
Ubisoft Blue Byte,3,74.48,2327
Misc Games,3,74.47,7025
Beijing Litchi Culture Media Co.,3,74.45,7313
T-Time Technology CO.,9,74.45,1803
IllFonic,5,74.41,10282
Cleversan Games,3,74.38,5376
Serkan Bakar,4,74.38,885
24Frame,3,74.37,1225
Xigma Games,3,74.37,676
Team17 Digital Ltd,14,74.35,39273
W0nnaFight,3,74.34,219
Arc System Works,29,74.3,188325
SHADE Inc.,4,74.3,2003
Triangle Studios,3,74.24,2769
AIVIK LLC,4,74.24,522
Autarca,3,74.24,376
Ubisoft Paris,3,74.23,134754
Games Incubator,16,74.21,13657
1C Game Studios,3,74.19,12335
Triverske,3,74.18,1181
Ronimo Games,4,74.16,29299
URSE Games,4,74.16,705
Atypical Games,4,74.13,2567
Burut CT,4,74.13,1032
Fulqrum Publishing,14,74.1,11988
Sicarius,3,74.08,1084
DesktopMMD Team,3,74.07,1277
attic Entertainment Software GmbH,3,74.07,303
Creobit,21,74.06,3796
DEKLAZON,3,74.03,444
Kazakov Oleg,8,74.0,6234
PlatSTUDIO,3,73.99,1648
Carbon Games,3,73.96,11280
EA Los Angeles,5,73.94,38451
Every Single Soldier,4,73.94,1948
Eidos-Montréal,22,73.91,458432
ENTERi,3,73.91,1287
Bloober Team SA,7,73.88,79570
Rainbow Games,8,73.86,779
NedoStudio,5,73.86,775
ONEONE1,3,73.85,2255
FastGame,4,73.82,703
Aspyr,9,73.8,22315
Phr00t's Software,7,73.8,2088
Nomad Games,10,73.78,12270
Question,3,73.74,8053
Considera Games LLC,3,73.74,1978
The Fox Knocks,3,73.73,2845
Massive Galaxy Studios,3,73.69,672
Apeiron,3,73.67,1315
Corbie Games,3,73.66,3280
CubeCube Sports Ltd.,3,73.65,2648
Laush Dmitriy Sergeevich,36,73.64,3860
SeedWall,7,73.63,5825
SEGA,14,73.62,123131
The Chinese Room,5,73.6,27359
Secret Base,4,73.6,1653
Cult Software,4,73.59,505
Labyrinthine,3,73.58,2774
JanduSoft,5,73.54,2818
Troglobytes Games,5,73.54,1366
WindThunder Studio,3,73.53,1685
Midnight Games,3,73.51,1673
Screwfly Studios,5,73.5,893
UL,3,73.5,603
Chilla's Art,26,73.48,19691
ThinkOfGames,7,73.43,2278
KishMish Games,5,73.38,5648
AQUASTYLE,4,73.38,2544
Bloody Pixel Games,3,73.37,1296
Geoff Keighley,4,73.32,2201
Ivanovich Games,8,73.31,1333
Tribute Games Inc.,7,73.29,18831
Funatics Software,4,73.28,3446
Game-Labs,6,73.27,25170
Brilliant Game Studios,3,73.27,19746
Wales Interactive,17,73.25,19166
White Paper Games,3,73.25,1155
Survios,9,73.24,8473
Ocean Drive Studio,3,73.22,3184
Tiny Roar,3,73.16,1103
The Farm 51,7,73.15,25616
七彩绘色游戏,4,73.12,930
Chainsawesome Games,3,73.11,697
GSC Game World,16,73.1,243657
Out of the Park Developments,9,73.07,1902
Mode 7,3,73.05,3108
DarkBasicSoftwareLimited,3,73.05,2542
M. Hanka,4,73.05,2036
IO Interactive,3,73.04,16745
Supermassive Games,6,73.02,57815
Mad Head Games,3,73.02,6666
Blindflug Studios AG,3,73.02,2148
Creative Assembly,3,72.97,75100
PopTop,3,72.97,2623
Deep Silver Volition,4,72.93,94840
Elephant Games,5,72.88,1177
Render System,3,72.87,205
Ankama Studio,7,72.86,12813
RIVERSIDE SPORTS,6,72.85,5311
3 Sprockets,3,72.84,2074
CUTE ANIME GIRLS,16,72.83,7686
Funny Games,3,72.83,970
Fleon Games,3,72.82,733
Quicksilver Software,3,72.82,318
Vona Soft,3,72.72,1127
AK Studio,5,72.72,605
Targem Games,13,72.71,72066
BufoProject,5,72.71,465
Tuomo Laine,4,72.71,390
VD Games,7,72.69,3008
FireFly Studios,3,72.67,6196
Teyon,6,72.65,39974
Psytec Games Ltd,3,72.63,1403
L&P,6,72.63,1009
Creative Storm Entertainment,4,72.58,1382
Shenandoah Studio,3,72.58,319
1C:InoCo,3,72.52,2867
Gremlin Interactive,5,72.51,1874
XGen Studios,4,72.5,2203
Yiming,3,72.5,1007
Satur Entertainment,8,72.48,2184
PlayFirst,3,72.47,477
Alda Games,5,72.43,15893
Ground Shatter,5,72.43,5302
Silver Cow Studio,3,72.38,254
Big Fish Studios,3,72.34,346
Lock 'n Load Publishing,3,72.29,696
4HEAD Studios,3,72.27,1615
FreeMind S.A.,10,72.26,5389
▲ Pyramid Games,7,72.25,5916
OMNIDREAM CREATIONS,3,72.24,307
IndieGala,5,72.21,2739
Vidas Salavejus,3,72.21,553
Shiver Games,4,72.2,14527
Dovetail Games,15,72.19,116694
Pinokl Games,3,72.19,14921
Blowfish Studios,3,72.19,1474
Rhombico Games,3,72.18,1543
Angry games,4,72.16,344
Smilegate,3,72.13,1387
Carrot Studios,3,72.13,312
Digital Eel,4,72.11,1036
FreezeNova,15,72.08,6396
XOCUS,5,72.07,407
Torus Games,6,72.05,2587
MY.GAMES,5,72.03,112912
N-Tri Studio,4,72.02,273
Toxic Studio,3,72.0,458
AdroVGames,4,71.99,2189
CCYY,3,71.98,249
EGAMER,19,71.96,11005
YUKE'S,4,71.96,3943
Tonguç Bodur,20,71.94,5253
Hi-Rez Studios,3,71.93,11137
Nonadecimal Creative,3,71.92,841
Screambox Studio,3,71.91,847
Red Limb Studio,5,71.87,1506
NLB project,3,71.86,483
Eclipse Games,4,71.83,766
CINEMAX GAMES,8,71.8,2385
MYSTERY CROWN,3,71.8,790
REVVALUTION Studio,6,71.75,954
Ice Code Games,4,71.74,4084
Thorne Games,3,71.71,488
Rideon,3,71.7,292
Atomic Wolf,4,71.69,1431
Wingjoy Games,3,71.69,1177
Ironward,3,71.66,6037
btf,3,71.66,2412
Black Forest Games,8,71.65,18422
Fast Travel Games,4,71.65,690
YDKR,3,71.63,1340
ChillyRoom,4,71.57,6407
Krealit,3,71.53,2313
Nauris Amatnieks,3,71.53,411
Easy game,15,71.47,5853
Desert Owl Games LLC,3,71.47,1385
Reine Works,4,71.46,411
Avalon Digital,4,71.45,346
Sand Sailor Studio,3,71.44,9073
Wenkly Studio Sp. z o.o.,4,71.43,1056
SP-time,3,71.42,2576
DuCats Games Studio,3,71.42,544
Egosoft,8,71.41,35866
Microblast Games,7,71.4,16428
Flump Studios,4,71.39,1333
Archive Entertainment,4,71.35,4681
Chasing Carrots,4,71.34,32044
Fancy Bytes,3,71.32,1505
Blackbird Interactive,4,71.27,37510
Artur Rezende,3,71.26,257
Whale Rock Games,14,71.23,4342
HandyGames,9,71.2,2753
Storm in a Teacup,5,71.2,1799
Stas Shostak,4,71.2,1376
HB Studios,4,71.19,9189
NeocoreGames,12,71.18,52508
Ricardo Pratas,3,71.15,334
Frogwares,14,71.14,40152
Digitalmindsoft,4,71.12,73792
Star Drifters,4,71.12,2952
Zoë Mode,3,71.12,1703
PersonaeGame Studio,3,71.11,5520
Mighty Rabbit Studios,3,71.11,3835
BULKHEAD,4,71.06,24753
HFM Games,13,71.05,63023
Byte Barrel,3,71.04,6607
Santa Ragione,4,71.03,1715
Days of Wonder,3,71.0,3391
Deep Shadows,3,70.98,547
Fun Infused Games,3,70.97,268
MoeGame,3,70.94,2623
Sproing,5,70.88,1064
Ominous Entertainment,5,70.88,519
phime studio LLC,3,70.88,263
The 3DO Company,4,70.87,440
Criterion Games,3,70.84,81209
GTGD,3,70.82,730
Iron Galaxy Studios,4,70.81,9230
Fire Hose Games,4,70.81,3637
One Up Plus Entertainment,3,70.76,704
AFBIK Studio,8,70.75,1640
Stardock Entertainment,14,70.7,26767
Seaven Studio,3,70.64,922
DangerousBob Studio LLC,4,70.63,423
NetEase Games,3,70.56,290666
Lighthouse Games Studio,5,70.54,12978
Kerberos Productions Inc.,5,70.52,1593
YFC games,4,70.52,1457
Mzonestudio,5,70.52,430
Accolade,4,70.5,563
Blue Sunset Games,4,70.48,471
CFK Co.,9,70.41,3504
ACQUIRE Corp.,14,70.38,8888
NewWestGames,3,70.37,426
P.+,3,70.36,477
Shiny Entertainment,5,70.34,1307
Polyslash,4,70.33,3056
Fabio Ferrara,11,70.26,15347
Gentlymad Studios,4,70.19,11251
Cryptic Sea,3,70.19,3911
Adam DeLease,4,70.18,709
Torn Banner Studios,3,70.17,128920
Chard,3,70.17,294
KT Racing,11,70.16,37956
PanGuoJun,5,70.16,610
Colossal Order,4,70.1,352844
Dharker Studios,17,70.09,3816
Zoo Corporation,11,70.08,5430
Puuba,3,70.08,564
SkyRiver Studios,3,70.01,679
okyakusama,8,69.99,680
White Rabbit Games,3,69.96,441
Behaviour Interactive Inc.,6,69.95,803204
ROSEVERTE,4,69.93,367
Astronomic Games,8,69.92,1585
Spiders,7,69.91,36311
KolbasinoGames,3,69.9,393
Gameloft,5,69.89,27080
Studio Wildcard,3,69.77,817857
Chromatic Games,4,69.73,44920
Auroch Digital,9,69.71,20583
Kadragon,6,69.64,519
Bossa Studios,11,69.63,37883
Volens Nolens Games,22,69.62,6047
Monte Cristo,3,69.58,467
Cheesecake Dev,8,69.51,38049
Pixellore Inc,3,69.51,2047
Kheops Studio,3,69.5,1239
Most Wanted Entertainment,3,69.5,1209
3dm_live_wallpapers,7,69.49,1882
BekkerDev Studio,5,69.46,705
Upstream Arcade,3,69.45,2814
Maximum Entertainment,3,69.45,370
Crian Soft,4,69.44,1797
Blender Games,26,69.42,4350
Dimps Corporation,5,69.37,30799
David Mulder,6,69.36,992
Thirdverse,4,69.35,618
Fatshark,8,69.33,273040
Cobra Mobile,6,69.32,1804
Pyrodactyl,3,69.27,538
Stormind Games,4,69.26,5399
Stormling Studios,5,69.25,3471
Shaman Games Studio,8,69.25,1336
Sergey Bobrov,3,69.25,252
Streum On Studio,4,69.2,30813
Gamera Interactive,3,69.11,1474
BattleGoat Studios,5,69.09,2359
34BigThings srl,7,69.05,10068
Igor Krutov,3,69.03,1454
Himalaya Studios,3,69.02,278
Bohemia Interactive,17,69.01,794355
Kerberos Productions,4,69.01,2818
Axis Games,9,68.97,1716
PsychoRavens,3,68.94,771
Ritual Games,4,68.9,439
Digital Leisure Inc.,6,68.88,6698
3DClouds,9,68.83,2244
Rage Software,6,68.81,2274
Mi-Clos Studio,3,68.8,3253
Arcen Games,12,68.79,7318
Ripstone,3,68.78,2884
ARTDINK,6,68.77,6338
raptor lab,5,68.76,4060
CreaTeam,3,68.76,400
SCT,3,68.72,3264
Snkl Studio,16,68.72,2382
Madmind Studio,3,68.69,13122
DRAGO entertainment,4,68.64,28336
stillalive studios,9,68.64,25825
Soccer Manager Ltd,6,68.58,3143
Reverie World Studios,7,68.57,8513
TickTock Games,3,68.53,2097
Glass Bottom Games,3,68.52,1202
Iceflake Studios,4,68.44,6171
Norn,3,68.43,408
Fair Games Studio,3,68.4,1129
Guilty Pleasure Games,8,68.39,2521
John Wizard,5,68.38,522
City Interactive S.A.,10,68.28,1619
Sapphire Dragon Productions,10,68.24,1324
Ubisoft Toronto,4,68.23,57459
Maze Theory,3,68.2,1036
Dark Gaia Studios,4,68.15,365
Astralis Games,3,68.11,648
Splash Damage,5,68.06,84469
First Games Interactive,4,67.97,365
Infinite Interactive,6,67.96,3095
PlayTogether Studio,3,67.95,1347
Evil Twin Artworks,3,67.94,1279
DigitalDNA Games,3,67.92,11179
AtomicTorch Studio,3,67.91,7142
Cyanide Studios,6,67.71,15013
Aesir Interactive,6,67.68,21491
TUTGame,3,67.66,4078
RunServer,5,67.63,852
RewindApp,45,67.57,32188
Tort,4,67.52,452
LTZinc,7,67.48,559
Shotx,4,67.44,357
indie_games_studio,4,67.4,1003
Mandragora,4,67.37,9712
Cradle Games,3,67.35,5131
M11 Studio,3,67.33,463
Woodland Games,3,67.23,2544
FarSight Studios,5,67.21,4739
Limbic Entertainment,4,67.19,36771
Tindalos Interactive,4,67.19,32497
HA Studio Ltd.,5,67.19,990
devotid,3,67.15,5729
Ino-Co Plus,5,67.15,4706
AbstractArt,3,67.14,3997
Live Motion Games,8,67.09,8930
Cyanide Studio,30,67.07,49374
Euphoric Brothers,11,67.07,28756
Spellbook,4,67.07,852
Bit Planet Games,4,67.07,721
N3V Games,9,66.96,7998
Hangar 13,4,66.95,181863
Cateia Games,9,66.95,912
Mass Creation,4,66.91,1881
Winter Wolves,18,66.9,2527
Timberwolf Studios,3,66.77,275
Expansive Worlds,4,66.76,231632
Nuno Donato,3,66.76,700
ASK_GAMES,5,66.75,739
AQURIA Co.,3,66.72,9326
Thousand Games,3,66.71,300
GoldenGod Games,3,66.7,413
Rosa Special Studio,4,66.68,1074
Gogii Games,19,66.66,2885
Overaction Game Studio,3,66.65,237
IR Studio,4,66.59,578
Artefacts Studio,13,66.57,51278
Tarba Paul Cornel,5,66.53,316
Legend Studio,5,66.52,5418
Bashir ManliestDev Kashalo,3,66.52,597
Codemasters,8,66.5,109142
Underbite Games,3,66.48,476
Waraní Studios,3,66.47,176
Dogenzaka Lab,10,66.44,1873
Darius Bode,3,66.34,785
Hanabira,3,66.32,572
Kyy Games,5,66.31,3297
Game Studio Inc.,3,66.3,3437
Positech Games,8,66.2,18174
Twin Sails Interactive,3,66.07,1604
CreativeForge Games,4,66.06,10800
Drakkar Dev,3,66.06,474
Abstraction Games,4,66.03,6279
Absolutist Ltd.,5,66.02,656
Spellbound,8,65.93,8868
Somer Games,3,65.92,616
Soleil Ltd.,3,65.87,58028
DIGIDICED,8,65.87,1653
Ageod,6,65.81,1737
Storming Tech,3,65.81,245
Jason Rohrer,3,65.8,4883
Blaze Epic,5,65.78,424
Serious Games Interactive,5,65.77,742
Kiddy,20,65.62,9492
滑稽工作室,3,65.56,9566
b-alive gmbh,7,65.5,1460
Umix Studios,5,65.36,654
Code}{atch,3,65.33,18018
Eidos Montreal,4,65.25,69617
Wojciech Krupinski,3,65.23,352
Deck 13,4,65.22,1214
Novalink,5,65.15,54093
Gattai Games,3,65.11,849
William at Oxford,3,65.11,348
Space Boat Studios,3,65.08,4287
JoyBits Ltd.,7,65.08,3032
Egor Magurin,3,65.08,2281
DeXP,3,65.05,1648
VALOFE,7,65.04,130499
ZeroBit Games,3,65.03,1086
Movavi Software,5,65.0,973
Big Ant Studios,15,64.99,12939
UPLAY Online,4,64.95,18593
Tokyo RPG Factory,3,64.94,2273
Autotelic Games LLC,4,64.92,884
Ubisoft Romania,3,64.91,3833
Zeiva Inc,3,64.9,1698
CyberStep,3,64.86,2624
Matrix Games,3,64.86,1125
GATO STUDIO,4,64.84,1332
Hunted Cow Games,3,64.82,3648
FeelThere,3,64.78,1727
Grey Dog Software,6,64.77,690
Joy Way,3,64.71,2785
HugePixel,4,64.7,277
Childish Things Ltd,5,64.66,388
Meridian'93,4,64.61,335
Gaming Minds Studios,7,64.6,16326
ZeniMax Online Studios,4,64.57,155046
Xaviant,3,64.57,20442
Anshar Studios,5,64.52,3479
Realmforge Studios,9,64.49,29778
A Nostru,10,64.47,1116
Dead Mage,5,64.44,23151
BonusXP,3,64.38,328
Eren Aydin,3,64.36,948
Tero Lunkka,19,64.23,2212
Snowbird Games,4,64.19,5473
CI Games,8,64.17,116030
Slipgate Ironworks™,7,64.16,10237
JubleLemonSeed,3,64.15,1680
Keen Software House,4,64.03,142056
NipoBox,3,63.99,596
Axyos Games,5,63.97,2957
PinkPeachStudio,3,63.94,903
Daylight Studios,4,63.91,3348
Childish Things,3,63.85,183
Fortell Games,3,63.83,1185
Eko Software,12,63.82,38148
Tale of Tales,6,63.56,2538
Batholith Entertainment,3,63.52,587
XDEVS LTD,6,63.47,5879
Andreev Worlds,5,63.43,394
Quadfix Games,3,63.42,3069
Double Helix Games,3,63.41,8615
SIEIDI Ltd,3,63.35,452
Movavi,6,63.16,761
Games Farm,8,63.12,12724
Visual Concepts,6,63.04,53675
Three Fields Entertainment,4,62.98,1115
Zenimax Online Studios,3,62.97,2446
Aratog LLC,3,62.97,467
Microids,15,62.92,18001
Warfare Studios,26,62.92,2769
Mysterytag,3,62.9,366
Blazing Griffin,6,62.86,5323
Reality Pump Studios,8,62.85,16598
Dead Drop Studios LLC,4,62.68,581
Gravity Interactive,5,62.63,5299
SOFTSTAR TECHNOLOGY(BEIJING)CO.LTD,3,62.54,353
Appeal Studios,5,62.52,3169
Good Games,3,62.51,640
CSM,9,62.41,931
Play Spirit Limited,3,62.41,351
Klabater,4,62.34,8483
Cryo Interactive,4,62.29,476
RosePortal Games,5,62.23,865
Verterial Flur,4,62.16,1092
Black Lime Studio,7,62.09,3102
T-Bull,3,62.08,1440
Aterdux Entertainment,3,62.06,2136
Industry Games,3,62.03,4612
SOFTSTAR TECHNOLOGY(BEIJING),4,62.01,2984
ViewApp,4,61.97,4201
Hamsters Gaming,7,61.82,3663
Flugames,3,61.76,176
Crescent Moon Games,3,61.75,1099
Carbon Studio,3,61.74,1362
bumblebee,5,61.74,712
Big Robot Ltd,4,61.73,5240
Windforce,3,61.61,352
Akella,6,61.49,3076
Invent4 Entertainment,3,61.44,16037
JDM4iK Games,3,61.41,5168
Gem Rose Accent,3,61.39,415
BadWolf Games,4,61.3,413
Sinned Games,3,61.24,2680
EY-Studio,3,61.23,601
WnMStudio,3,61.22,301
OnSkull Games,10,61.19,4972
TML-Studios,12,61.17,23547
VooFoo Studios,4,61.14,1196
Frogdice,3,61.13,1380
Four Circle Interactive,3,61.04,4005
Digital Fusion Inc.,3,60.98,318
Spark Unlimited,3,60.9,7210
Nicholas Rizzo,5,60.9,2205
TB Games,6,60.83,12972
nobodyshot,3,60.82,4202
QuickSave,5,60.79,461
Image Power S.A.,6,60.74,1166
GameXP.com,4,60.7,1162
Tbjbu2,4,60.63,356
Alternative Software Ltd,8,60.45,575
Strange Fire,3,60.41,5209
LLC Blini Games,3,60.4,1309
Data Realms,3,60.35,6529
Play Publishing,3,60.34,186
Sanuk Games,6,60.24,1121
Mykhail Konokh,3,60.19,411
EA Canada,4,60.18,392072
Deck13 Hamburg,3,60.17,2358
Silent Dreams,6,60.15,7794
StormCube Games,3,60.09,766
Snail Games USA,3,60.03,25096
Mihai Morosanu,12,59.88,3442
Cleverweek,8,59.85,1407
Camel 101,5,59.75,1589
Star Vault AB,4,59.73,16224
Amaterasu Software,12,59.72,3932
KOEX studio,3,59.7,278
HUSH Interactive,3,59.58,1006
Psychic Software,3,59.58,643
Blue Byte,3,59.49,18518
Bamtang Games,4,59.33,1280
G1 Playground,3,59.19,2550
BrainStorming Team,3,59.11,229
Roastery Games,3,59.09,2102
Antonio Renna,3,59.08,1832
Centauri Production,3,59.08,512
Nikita Ghost_RUS,33,58.99,5098
Ambiera,5,58.89,715
Stereo7 Games,3,58.88,255
Nodbrim Interactive,3,58.88,206
Sledgehammer Games,6,58.71,126772
Ares Dragonis,3,58.43,2358
upjers,7,58.42,3206
Interactive Gaming Studios,6,58.22,727
Free Initiative Games,3,58.1,229
Juvty Worlds,3,57.99,3560
Geekon,4,57.96,1363
ZOV GAME STUDIO,7,57.78,1837
Naps Team,4,57.76,399
Reality Pump,6,57.74,4528
GameFormatic S.A.,3,57.73,977
Racing Bros,19,57.72,9647
FlagmanJeremy,5,57.62,477
Reality Twist GmbH,3,57.61,573
MGAME Corporation,3,57.41,506
Recotechnology S.L.,4,57.29,230
VGstudio,7,57.25,2001
Elder Games,6,57.11,2434
Flux Games,3,56.89,1373
House of Tales,4,56.88,523
ColloseusX,8,56.84,2971
Indiecode Games,3,56.7,419
HeroLabs,5,56.43,1099
Anarchy Enterprises,9,56.31,1564
Little Green Men Games,4,56.27,8616
Happy Max,3,56.26,459
Sometimes You,6,56.16,3022
Nitro Games,4,56.16,597
SharkGame,3,55.91,481
MAGIX Software GmbH,10,55.81,3844
DimleTeam,3,55.81,267
Talentplace,4,55.64,3358
HexWar Games,5,55.58,404
SimProse Studios,6,55.38,921
Proximity Games,5,55.25,6401
Ripknot Systems,45,55.22,4768
Falco Software,4,54.95,273
StrelitziaGames,3,54.79,737
Heaven Brotherhood,3,54.77,2391
New Reality Games,4,54.76,959
STuNT,3,54.7,216
Nicolas Bernard,4,54.57,775
exosyphen studios,3,54.26,1997
Gamesforgames,8,54.2,758
XDesktopSoft,5,54.16,449
EasyGames,3,53.83,386
Mikhail Melnikov,3,53.6,392
InImages,3,53.55,421
Caipirinha Games,5,53.44,612
Nimble Giant Entertainment,3,53.38,4956
Atomic Jelly,3,53.03,679
VIS-Games,13,52.92,3873
Leakage Games,3,52.9,222
Boom Games,5,52.87,996
Little Orbit,3,52.79,44891
Unicorn Games Studio,3,52.76,399
Konsordo,3,52.63,4544
Jujubee S.A.,9,52.55,3076
GameArt Studio GmbH,3,52.4,287
VikTor,6,52.39,533
Fredaikis AB,3,52.28,34425
Ignibit,4,52.2,284
Gemini Stars Games,6,52.16,811
Second Reality,3,51.97,1169
Lesta Studio,4,51.84,1108
Kerim Kumbasar,5,51.81,2341
LillyWelland inc.,7,51.66,546
Kiz Studios,3,51.65,375
Zero Sum Games,3,51.5,3706
Atum Software,3,51.48,463
Orion Games,3,51.42,1486
X-Legend Entertainment Co.,3,51.36,955
ProjectorGames,4,51.28,5206
Labory,6,51.23,1978
momoStorm Entertainment,3,51.21,1441
EnsenaSoft,30,51.16,3908
Daybreak Game Company,3,51.13,208454
RainySoft,4,51.06,872
Stardock,3,50.97,355
WTFOMGames,3,50.95,501
Eversim,11,50.78,7164
PlayWay S.A.,3,50.53,5835
Zombie Studios,3,50.43,3262
Crenetic,3,50.29,6018
Indie Game Group,3,50.25,2895
WhackAKey Games,5,50.22,775
Wastelands Interactive,8,49.91,1762
Punch Punk Games,3,49.66,780
GDNomaD,9,49.37,3772
Stop-TussiN,4,49.34,348
Idea Cabin,4,49.08,609
Kobra Studio,4,48.79,492
ELECTROSTALIN ENTERTAINMENT,3,48.57,323
Narko Games,5,48.42,1175
Flat Earth Games,3,48.41,856
RPG Video,5,48.28,945
Skobbejak Games,3,48.17,431
Starodymov,3,47.9,183
JDM4iK,3,47.73,1815
Bulut ULU,3,47.59,805
MadAboutGamesStudios,3,47.57,316
DreamsSoftGames,4,47.14,289
Dreamatrix,3,47.0,226
Trident Game Studio,3,46.7,343
YFYX GAMES,3,46.65,1095
Digital Continue,3,46.55,565
Excalibur,5,45.99,2031
Team6 Game Studios,3,45.49,308
MMEU,3,45.16,814
DnS Development,4,44.28,1445
Sunlight Games,4,44.25,1175
Homegrown Games,3,44.12,884
Hede,3,43.24,166
Z-Software,4,42.76,4218
azimuth team,12,42.61,1271
Space Monkey International,4,42.52,304
White Dog Games,4,42.35,1028
Dwarven potion brew,3,42.04,404
Team 6 Studios,5,41.64,5150
Lucky Frame,3,41.11,642
Lev Gogol,3,41.04,209
Sabrina Aridi,9,40.75,892
Delusional Games,3,40.63,900
Ben Aprigliano,3,40.11,190
CasGames,5,38.7,368
Vyacheslav Shilikhin,3,37.64,367
Acuze Interactives,3,35.07,618
ARGames,5,33.42,307
Odin Game Studio,4,31.91,3593
HorseGames,4,30.43,564
Rail Slave Games,4,30.35,3968
United Independent Entertainment,10,30.32,2715
Actalogic,5,30.22,1857
Icehole Games,4,28.92,396
The Tambourine,3,28.48,220
